# MuleSkin-CYD — two-slot partition table, for over-the-air updates.
#
# WHY THIS EXISTS. Every release up to and including v1.6.0 shipped on Arduino's
# huge_app.csv: one 3 MB app slot and 896 KB of SPIFFS that nothing ever touched.
# One slot cannot take an OTA update — the board has to receive a new build into
# a second slot while still running the old one, and be able to fall back if the
# new one does not boot. So the app space is split in two here.
#
# THE ORDER THIS HAS TO SHIP IN. A partition table cannot itself be replaced
# over the air: the bootloader reads it before any app runs. So this must go out
# as a NORMAL web-flasher release that people install over USB, and only builds
# AFTER that one can be delivered by OTA. Shipping OTA first would offer an
# update that bricks the update path.
#
# WHAT IS DELIBERATELY UNCHANGED:
#   coredump at 0x3F0000, 64 KB — same place, so the crash summary still works.
#   the black box at 0x3D0000 — BlackBox::BASE, so it works on either table.
#
# WHAT CHANGED:
#   app0/app1  0x1D0000 (1,900,544 bytes) each since v3.2.0 (0x1E0000 before).
#              The firmware is ~1.6 MB today, so ~300 KB of headroom per slot.
#   spiffs     gone. Arduino's min_spiffs.csv keeps a 128 KB scrap of it; this
#              project never mounts a filesystem (the SD card is its own thing,
#              see sd_log.cpp), so that space goes to the app slots instead.
#
# THE SETTINGS STORE MOVED (v3.2.0). Up to v3.1.8 nvs sat at 0x9000, 20 KB.
# That filled up: on 2026-10-10 a CYD booted to find it erased whole -- the
# Arduino core wipes a store with no free pages -- taking every setting, WiFi
# network and the touch calibration with it. It cannot grow where it was
# (otadata at 0xe000, app0 at 0x10000), so it now lives up the flash at 128 KB.
# 0x9000-0xe000 is left unnamed on purpose: a USB install that does not erase
# leaves the old store there, and the first boot copies it across and erases
# it (src/nvs_move.cpp). Like any table change this goes out over USB only.
#
# Layout, for reading at a glance:
#   0x009000  20 KB   (free)       the old nvs; see above
#   0x00E000   8 KB   otadata      which slot the bootloader should run
#   0x010000   1.8 MB app0
#   0x1E0000   1.8 MB app1
#   0x3B0000  128 KB  nvs
#   0x3D0000  128 KB  (free)       the black box -- BlackBox::BASE
#   0x3F0000  64 KB   coredump
#
# Name,   Type, SubType, Offset,   Size,     Flags
otadata,  data, ota,     0xe000,   0x2000,
app0,     app,  ota_0,   0x10000,  0x1D0000,
app1,     app,  ota_1,   0x1E0000, 0x1D0000,
nvs,      data, nvs,     0x3B0000, 0x20000,
coredump, data, coredump,0x3F0000, 0x10000,
